<?xml version="1.0" encoding="ISO-8859-1"?>
<metadata>
<idinfo>
<citation>
<citeinfo>
<origin>U.S. Geological Survey</origin>
<pubdate>20101029</pubdate>
<title>National Water-Quality Assessment Area-Characterization Toolbox</title>
<edition>Version 2.0</edition>
<geoform>not specified</geoform>
<pubinfo>
<pubplace>Reston, VA</pubplace>
<publish>U.S. Geological Survey</publish>
</pubinfo>
<othercit>
Price, C. V., Nakagaki, Naomi, and Hitt, K. J., 2010, National
Water-Quality Assessment (NAWQA) Area-Characterization Toolbox,
Release 2.0: U.S. Geological Survey Open-File Report 2010-1268.
[online-only]
</othercit>
<onlink>http://pubs.usgs.gov/of/2010/1268</onlink>
</citeinfo>
</citation>
<descript>
<abstract>
This is release 2.0 of the National Water-Quality Assessment (NAWQA)
Area-Characterization Toolbox. These tools are designed to be accessed
using ArcGIS Desktop software (versions 9 and 10). The toolbox is
composed of a collection of custom tools that implement geographic
information system (GIS) techniques used by the NAWQA Program to
characterize aquifer areas, drainage basins, and sampled wells.
</abstract>
<purpose>
The toolbox is composed of a collection of tools that implement
geographic information system (GIS) techniques used by the
NAWQA Program to characterize aquifer areas, drainage basins,
and sampled wells.
</purpose>
<supplinf>
These tools are built on top of standard functionality included in
ArcGIS Desktop. Most of the tools require ArcGIS running at the
ArcInfo (&quot;Professional&quot;) license level with a license for
ArcGIS Spatial Analyst extension.

ArcGIS is a commercial software system produced by ESRI, Inc.
(http://www.esri.com). The NAWQA Area-Characterization Toolbox is not
supported by ESRI, Inc. or its technical support staff.
</supplinf>
</descript>
<timeperd>
<timeinfo>
<sngdate>
<caldate>2010</caldate>
</sngdate>
</timeinfo>
<current>Not specified</current>
</timeperd>
<status>
<progress>Complete</progress>
<update>As Needed</update>
</status>
<spdom>
<bounding>
<westbc>-127.97736605</westbc>
<eastbc>-65.11883061</eastbc>
<northbc>48.28350093</northbc>
<southbc>23.09338233</southbc>
</bounding>
</spdom>
<keywords>
<theme>
<themekt>Not specified</themekt>
<themekey>GIS</themekey>
<themekey>land use</themekey>
<themekey>land cover</themekey>
<themekey>tools</themekey>
<themekey>toolbox</themekey>
<themekey>inlandWaters</themekey>
</theme>
<place>
<placekt>Not specified</placekt>
<placekey>Not specified</placekey>
</place>
</keywords>
<accconst>None</accconst>
<useconst>
These tools are built on top of standard functionality included in
ArcGIS Desktop. Most of the tools require ArcGIS running at the
ArcInfo (&quot;Professional&quot;) license level with a license for
ArcGIS Spatial Analyst extension.

ArcGIS is a commercial GIS software system produced by ESRI, Inc.
(http://www.esri.com). The NAWQA Area-Characterization Toolbox is not
supported by ESRI, Inc. or its technical support staff.
</useconst>
<ptcontac>
<cntinfo>
<cntorgp>
<cntorg>U.S. Geological Survey</cntorg>
</cntorgp>
<cntpos>Ask USGS -- Water Webserver Team</cntpos>
<cntaddr>
<addrtype>mailing address</addrtype>
<address>507 National Center</address>
<city>Reston</city>
<state>VA</state>
<postal>20192</postal>
<country>USA</country>
</cntaddr>
<cntvoice>1-888-275-8747 (1-888-ASK-USGS)</cntvoice>
<cntemail>http://water.usgs.gov/user_feedback_form.html</cntemail>
</cntinfo>
</ptcontac>
<browse>
<browsen>http://water.usgs.gov/GIS/browse/nact.png</browsen>
<browsed>Illlustration of toolbox as visibible in ArcGIS 9.3.1</browsed>
<browset>PNG</browset>
</browse>
<datacred>U.S. Geological Survey</datacred>
<secinfo>
<secsys>Not specified</secsys>
<secclass>Unclassified</secclass>
<sechandl>Not specified</sechandl>
</secinfo>
<native>
Microsoft Windows [Version 5.2.3790] (Windows XP Service Pack 3)
ArcGIS ArcInfo version 9.3.1, 10.0; ArcInfo and Spatial Analyst extension required for some tools
</native>
</idinfo>
<dataqual>
<attracc>
<attraccr>not applicable</attraccr>
</attracc>
<logic>not applicable</logic>
<complete>Complete</complete>
<posacc>
<horizpa>
<horizpar>not applicable</horizpar>
</horizpa>
</posacc>
<lineage>
<procstep>
<procdesc>Tools documented and released as ArcGIS 9.3/9.3.1 compatible toolbox</procdesc>
<procdate>20101029</procdate>
</procstep>
<procstep>
<procdesc>Tools updated ArcGIS 9.3/10.0 compatible toolbox</procdesc>
<procdate>20120630</procdate>
</procstep>
</lineage>
</dataqual>
<eainfo>
<overview>
<eaover>not applicable</eaover>
<eadetcit>Not specified</eadetcit>
</overview>
</eainfo>
<distinfo>
<distrib>
<cntinfo>
<cntorgp>
<cntorg>U.S. Geological Survey</cntorg>
</cntorgp>
<cntpos>Ask USGS -- Water Webserver Team</cntpos>
<cntaddr>
<addrtype>mailing address</addrtype>
<address>445 National Center</address>
<city>Reston</city>
<state>VA</state>
<postal>20192</postal>
<country>USA</country>
</cntaddr>
<cntvoice>1-888-275-8747 (1-888-ASK-USGS)</cntvoice>
<cntemail>http://water.usgs.gov/user_feedback_form.html</cntemail>
</cntinfo>
</distrib>
<distliab>
Although this software has been used by the U.S. Geological
Survey, U.S. Department of the Interior, no warranty
expressed or implied is made by the U.S. Geological Survey
as to the accuracy of the data and related materials. The
act of distribution shall not constitute any such warranty,
and no responsibility is assumed by the U.S. Geological
Survey in the use of this data, software, or related
materials.

Any use of trade, product, or firm names is for descriptive
purposes only and does not imply endorsement by the U.S.
Government.

Although this Federal Geographic Data Committee-compliant
metadata file is intended to document the data set in
nonproprietary form, this metadata file may include some
vendor-specific terminology.
</distliab>
<stdorder>
<digform>
<digtinfo>
<formname>ZIP</formname>
<formcont>Categorical raster data stored as a collection of binary files.</formcont>
<filedec>ZIP-format archive</filedec>
<transize>1400 KB</transize>
</digtinfo>
<digtopt>
<onlinopt>
<computer>
<networka>
<networkr>http://pubs.usgs.gov/of/2010/1268</networkr>
</networka>
</computer>
</onlinopt>
</digtopt>
</digform>
<fees>Not specified.  This dataset is provided by USGS as a public service.</fees>
</stdorder>
</distinfo>
<metainfo>
<metd>20101029</metd>
<metc>
<cntinfo>
<cntorgp>
<cntorg>U.S. Geological Survey</cntorg>
</cntorgp>
<cntpos>Ask USGS -- Water Webserver Team</cntpos>
<cntaddr>
<addrtype>mailing address</addrtype>
<address>445 National Center</address>
<city>Reston</city>
<state>VA</state>
<postal>20192</postal>
<country>USA</country>
</cntaddr>
<cntvoice>1-888-275-8747 (1-888-ASK-USGS)</cntvoice>
<cntemail>http://water.usgs.gov/user_feedback_form.html</cntemail>
</cntinfo>
</metc>
<metstdn>FGDC Content Standards for Digital Geospatial Metadata</metstdn>
<metstdv>FGDC-STD-001-1998</metstdv>
</metainfo>
</metadata>
